gameid,playoffs,side,teamname,firstdragon,golddiffat15,xpdiffat15,csdiffat15,killsat15,assistsat15,deathsat15,result
LOLTMNT06_164200,0,Blue,Fnatic,0.0,320.0,813.0,0.0,2.0,1.0,1.0,1
LOLTMNT06_164200,0,Red,Los Ratones,1.0,-320.0,-813.0,0.0,1.0,0.0,2.0,0
LOLTMNT06_163223,0,Blue,GiantX,0.0,-296.0,-459.0,20.0,0.0,0.0,2.0,1
LOLTMNT06_163223,0,Red,Shifters,1.0,296.0,459.0,-20.0,2.0,4.0,0.0,0
LOLTMNT06_164218,0,Blue,Team Heretics,0.0,-3535.0,-2761.0,-38.0,1.0,2.0,4.0,0
LOLTMNT06_164218,0,Red,Natus Vincere,1.0,3535.0,2761.0,38.0,4.0,6.0,1.0,1
LOLTMNT06_164234,0,Blue,SK Gaming,0.0,-944.0,143.0,6.0,4.0,6.0,4.0,0
LOLTMNT06_164234,0,Red,Team Vitality,1.0,944.0,-143.0,-6.0,4.0,6.0,4.0,1
LOLTMNT06_163258,0,Blue,Karmine Corp,0.0,727.0,506.0,-11.0,6.0,7.0,6.0,1
LOLTMNT06_163258,0,Red,Karmine Corp Blue,1.0,-727.0,-506.0,11.0,6.0,11.0,6.0,0
LOLTMNT06_163282,0,Blue,G2 Esports,0.0,-891.0,-535.0,-33.0,3.0,6.0,1.0,0
LOLTMNT06_163282,0,Red,Movistar KOI,1.0,891.0,535.0,33.0,1.0,0.0,3.0,1
LOLTMNT06_163306,0,Blue,Team Heretics,0.0,-751.0,-1071.0,-4.0,4.0,9.0,6.0,0
LOLTMNT06_163306,0,Red,Shifters,1.0,751.0,1071.0,4.0,6.0,11.0,4.0,1
LOLTMNT06_163319,0,Blue,Los Ratones,0.0,-2834.0,-4345.0,-44.0,2.0,2.0,7.0,0
LOLTMNT06_163319,0,Red,Karmine Corp Blue,1.0,2834.0,4345.0,44.0,7.0,7.0,2.0,1
LOLTMNT06_164300,0,Blue,Team Vitality,0.0,-707.0,-1104.0,-7.0,2.0,2.0,2.0,0
LOLTMNT06_164300,0,Red,Natus Vincere,1.0,707.0,1104.0,7.0,2.0,3.0,2.0,1
LOLTMNT06_163332,0,Blue,Fnatic,0.0,-4659.0,-4944.0,-69.0,3.0,6.0,7.0,0
LOLTMNT06_163332,0,Red,SK Gaming,1.0,4659.0,4944.0,69.0,7.0,9.0,3.0,1
LOLTMNT06_164317,0,Blue,G2 Esports,0.0,-1287.0,-1067.0,-1.0,3.0,6.0,4.0,0
LOLTMNT06_164317,0,Red,GiantX,1.0,1287.0,1067.0,1.0,4.0,10.0,3.0,1
LOLTMNT06_164335,0,Blue,Karmine Corp,1.0,1017.0,1530.0,20.0,3.0,6.0,2.0,0
LOLTMNT06_164335,0,Red,Movistar KOI,0.0,-1017.0,-1530.0,-20.0,2.0,3.0,3.0,1
LOLTMNT06_163405,0,Blue,Natus Vincere,1.0,933.0,995.0,26.0,1.0,0.0,1.0,0
LOLTMNT06_163405,0,Red,Fnatic,0.0,-933.0,-995.0,-26.0,1.0,1.0,1.0,1
LOLTMNT06_164420,0,Blue,Karmine Corp Blue,1.0,-4284.0,-1646.0,-38.0,1.0,1.0,5.0,0
LOLTMNT06_164420,0,Red,Team Vitality,0.0,4284.0,1646.0,38.0,5.0,8.0,1.0,1
LOLTMNT06_163424,0,Blue,Team Heretics,1.0,550.0,1100.0,17.0,1.0,3.0,1.0,1
LOLTMNT06_163424,0,Red,GiantX,0.0,-550.0,-1100.0,-17.0,1.0,1.0,1.0,0
LOLTMNT06_164458,0,Blue,Shifters,1.0,2923.0,2068.0,1.0,6.0,7.0,0.0,1
LOLTMNT06_164458,0,Red,Movistar KOI,0.0,-2923.0,-2068.0,-1.0,0.0,0.0,6.0,0
LOLTMNT06_164476,0,Blue,Los Ratones,0.0,-2628.0,-1413.0,-2.0,1.0,2.0,5.0,0
LOLTMNT06_164476,0,Red,Karmine Corp,1.0,2628.0,1413.0,2.0,5.0,8.0,1.0,1
LOLTMNT06_164483,0,Blue,G2 Esports,1.0,6715.0,4706.0,84.0,11.0,14.0,2.0,1
LOLTMNT06_164483,0,Red,SK Gaming,0.0,-6715.0,-4706.0,-84.0,2.0,2.0,11.0,0
LOLTMNT04_149111,0,Blue,GiantX,1.0,3118.0,2375.0,47.0,6.0,14.0,5.0,1
LOLTMNT04_149111,0,Red,Los Ratones,0.0,-3118.0,-2375.0,-47.0,5.0,7.0,6.0,0
LOLTMNT04_149122,0,Blue,Natus Vincere,0.0,621.0,1169.0,2.0,7.0,15.0,7.0,1
LOLTMNT04_149122,0,Red,Karmine Corp Blue,1.0,-621.0,-1169.0,-2.0,7.0,10.0,7.0,0
LOLTMNT04_149134,0,Blue,Team Heretics,1.0,2079.0,2267.0,38.0,2.0,2.0,0.0,1
LOLTMNT04_149134,0,Red,Team Vitality,0.0,-2079.0,-2267.0,-38.0,0.0,0.0,2.0,0
LOLTMNT04_149143,0,Blue,G2 Esports,1.0,5998.0,4958.0,78.0,10.0,29.0,2.0,1
LOLTMNT04_149143,0,Red,Shifters,0.0,-5998.0,-4958.0,-78.0,2.0,2.0,10.0,0
LOLTMNT04_150134,0,Blue,SK Gaming,0.0,-2246.0,-2872.0,-13.0,2.0,5.0,7.0,0
LOLTMNT04_150134,0,Red,Karmine Corp,1.0,2246.0,2872.0,13.0,7.0,15.0,2.0,1
LOLTMNT04_149159,0,Blue,Fnatic,0.0,-1438.0,-2852.0,-15.0,5.0,7.0,7.0,0
LOLTMNT04_149159,0,Red,Movistar KOI,1.0,1438.0,2852.0,15.0,7.0,14.0,5.0,1
LOLTMNT04_150207,0,Blue,Team Vitality,0.0,2268.0,1403.0,30.0,4.0,8.0,1.0,1
LOLTMNT04_150207,0,Red,Shifters,1.0,-2268.0,-1403.0,-30.0,1.0,2.0,4.0,0
LOLTMNT04_150214,0,Blue,SK Gaming,0.0,-1055.0,-26.0,-18.0,1.0,2.0,0.0,0
LOLTMNT04_150214,0,Red,Natus Vincere,1.0,1055.0,26.0,18.0,0.0,0.0,1.0,1
LOLTMNT04_149225,0,Blue,Team Heretics,0.0,2965.0,2353.0,64.0,3.0,3.0,1.0,0
LOLTMNT04_149225,0,Red,Los Ratones,1.0,-2965.0,-2353.0,-64.0,1.0,3.0,3.0,1
LOLTMNT04_150239,0,Blue,Karmine Corp Blue,0.0,-4081.0,-3402.0,-58.0,5.0,6.0,8.0,0
LOLTMNT04_150239,0,Red,Movistar KOI,1.0,4081.0,3402.0,58.0,8.0,10.0,5.0,1
LOLTMNT04_149245,0,Blue,Fnatic,0.0,-170.0,973.0,29.0,2.0,2.0,1.0,1
LOLTMNT04_149245,0,Red,GiantX,1.0,170.0,-973.0,-29.0,1.0,1.0,2.0,0
LOLTMNT04_149251,0,Blue,G2 Esports,0.0,-974.0,-1849.0,2.0,1.0,0.0,3.0,0
LOLTMNT04_149251,0,Red,Karmine Corp,1.0,974.0,1849.0,-2.0,3.0,3.0,1.0,1
LOLTMNT04_150288,0,Blue,SK Gaming,1.0,8808.0,7566.0,104.0,12.0,12.0,2.0,1
LOLTMNT04_150288,0,Red,Karmine Corp Blue,0.0,-8808.0,-7566.0,-104.0,2.0,4.0,12.0,0
LOLTMNT04_149293,0,Blue,Shifters,0.0,2432.0,2153.0,59.0,3.0,4.0,3.0,0
LOLTMNT04_149293,0,Red,Los Ratones,1.0,-2432.0,-2153.0,-59.0,3.0,7.0,3.0,1
LOLTMNT04_149305,0,Blue,Team Vitality,1.0,207.0,-1166.0,-6.0,1.0,1.0,1.0,0
LOLTMNT04_149305,0,Red,Fnatic,0.0,-207.0,1166.0,6.0,1.0,2.0,1.0,1
LOLTMNT04_149323,0,Blue,G2 Esports,1.0,1348.0,1034.0,41.0,0.0,0.0,2.0,1
LOLTMNT04_149323,0,Red,Team Heretics,0.0,-1348.0,-1034.0,-41.0,2.0,3.0,0.0,0
LOLTMNT04_150332,0,Blue,Natus Vincere,1.0,219.0,1423.0,-9.0,3.0,6.0,2.0,0
LOLTMNT04_150332,0,Red,Karmine Corp,0.0,-219.0,-1423.0,9.0,2.0,4.0,3.0,1
LOLTMNT04_150342,0,Blue,Movistar KOI,1.0,-4379.0,-2522.0,-22.0,1.0,0.0,4.0,0
LOLTMNT04_150342,0,Red,GiantX,0.0,4379.0,2522.0,22.0,4.0,5.0,1.0,1
LOLTMNT04_152292,0,Blue,Team Heretics,1.0,-302.0,963.0,34.0,1.0,1.0,2.0,0
LOLTMNT04_152292,0,Red,SK Gaming,0.0,302.0,-963.0,-34.0,2.0,2.0,1.0,1
LOLTMNT04_152324,0,Blue,GiantX,0.0,1661.0,1308.0,7.0,5.0,10.0,3.0,1
LOLTMNT04_152324,0,Red,Natus Vincere,1.0,-1661.0,-1308.0,-7.0,3.0,3.0,5.0,0
LOLTMNT04_151290,0,Blue,Fnatic,0.0,-1906.0,-1378.0,-33.0,4.0,6.0,4.0,0
LOLTMNT04_151290,0,Red,Shifters,1.0,1906.0,1378.0,33.0,4.0,7.0,4.0,1
LOLTMNT04_151303,0,Blue,G2 Esports,0.0,-1181.0,-494.0,-23.0,5.0,7.0,6.0,1
LOLTMNT04_151303,0,Red,Karmine Corp Blue,1.0,1181.0,494.0,23.0,6.0,9.0,5.0,0
LOLTMNT04_152357,0,Blue,Team Vitality,0.0,1937.0,521.0,14.0,3.0,6.0,2.0,1
LOLTMNT04_152357,0,Red,Karmine Corp,1.0,-1937.0,-521.0,-14.0,2.0,2.0,3.0,0
LOLTMNT04_152368,0,Blue,Los Ratones,0.0,-1363.0,-1254.0,-29.0,2.0,4.0,3.0,1
LOLTMNT04_152368,0,Red,Movistar KOI,1.0,1363.0,1254.0,29.0,3.0,6.0,2.0,0
LOLTMNT04_151377,0,Blue,Shifters,1.0,-1941.0,218.0,-38.0,2.0,3.0,0.0,0
LOLTMNT04_151377,0,Red,Natus Vincere,0.0,1941.0,-218.0,38.0,0.0,0.0,2.0,1
LOLTMNT04_151408,0,Blue,Team Heretics,0.0,508.0,-1067.0,28.0,1.0,2.0,4.0,1
LOLTMNT04_151408,0,Red,Karmine Corp Blue,1.0,-508.0,1067.0,-28.0,4.0,5.0,1.0,0
LOLTMNT04_152447,0,Blue,GiantX,1.0,749.0,600.0,18.0,3.0,3.0,3.0,0
LOLTMNT04_152447,0,Red,Team Vitality,0.0,-749.0,-600.0,-18.0,3.0,6.0,3.0,1
LOLTMNT04_152461,0,Blue,SK Gaming,0.0,-1224.0,-733.0,-36.0,3.0,3.0,2.0,0
LOLTMNT04_152461,0,Red,Movistar KOI,1.0,1224.0,733.0,36.0,2.0,4.0,3.0,1
LOLTMNT04_151435,0,Blue,Fnatic,0.0,-3560.0,-4294.0,-64.0,0.0,0.0,4.0,0
LOLTMNT04_151435,0,Red,Karmine Corp,1.0,3560.0,4294.0,64.0,4.0,10.0,0.0,1
LOLTMNT04_151443,0,Blue,G2 Esports,0.0,1018.0,598.0,9.0,2.0,3.0,0.0,0
LOLTMNT04_151443,0,Red,Los Ratones,1.0,-1018.0,-598.0,-9.0,0.0,0.0,2.0,1
LOLTMNT04_152497,0,Blue,Karmine Corp Blue,1.0,498.0,976.0,4.0,1.0,3.0,0.0,0
LOLTMNT04_152497,0,Red,Fnatic,0.0,-498.0,-976.0,-4.0,0.0,0.0,1.0,1
LOLTMNT04_152504,0,Blue,SK Gaming,0.0,11.0,-648.0,5.0,0.0,0.0,0.0,0
LOLTMNT04_152504,0,Red,GiantX,1.0,-11.0,648.0,-5.0,0.0,0.0,0.0,1
LOLTMNT04_151516,0,Blue,Los Ratones,0.0,-1128.0,-2413.0,-22.0,2.0,6.0,4.0,0
LOLTMNT04_151516,0,Red,Natus Vincere,1.0,1128.0,2413.0,22.0,4.0,7.0,2.0,1
LOLTMNT04_151542,0,Blue,G2 Esports,0.0,1274.0,1446.0,44.0,5.0,9.0,2.0,1
LOLTMNT04_151542,0,Red,Team Vitality,1.0,-1274.0,-1446.0,-44.0,2.0,3.0,5.0,0
LOLTMNT04_152550,0,Blue,Team Heretics,0.0,3789.0,4751.0,52.0,12.0,20.0,7.0,1
LOLTMNT04_152550,0,Red,Movistar KOI,1.0,-3789.0,-4751.0,-52.0,7.0,18.0,12.0,0
LOLTMNT04_152561,0,Blue,Karmine Corp,1.0,3027.0,1624.0,42.0,8.0,9.0,4.0,1
LOLTMNT04_152561,0,Red,Shifters,0.0,-3027.0,-1624.0,-42.0,4.0,6.0,8.0,0
LOLTMNT05_175070,0,Blue,Team Heretics,1.0,515.0,2946.0,38.0,3.0,6.0,3.0,1
LOLTMNT05_175070,0,Red,Fnatic,0.0,-515.0,-2946.0,-38.0,3.0,4.0,3.0,0
LOLTMNT05_176049,0,Blue,Karmine Corp Blue,0.0,-5734.0,-2950.0,-14.0,0.0,0.0,9.0,0
LOLTMNT05_176049,0,Red,Shifters,1.0,5734.0,2950.0,14.0,9.0,21.0,0.0,1
LOLTMNT05_176056,0,Blue,SK Gaming,0.0,2070.0,1993.0,-13.0,3.0,4.0,0.0,0
LOLTMNT05_176056,0,Red,Los Ratones,1.0,-2070.0,-1993.0,13.0,0.0,0.0,3.0,1
LOLTMNT05_176064,0,Blue,G2 Esports,0.0,-503.0,1732.0,31.0,2.0,5.0,3.0,0
LOLTMNT05_176064,0,Red,Natus Vincere,1.0,503.0,-1732.0,-31.0,3.0,7.0,2.0,1
LOLTMNT05_176078,0,Blue,Movistar KOI,0.0,-2696.0,-3094.0,0.0,2.0,4.0,10.0,0
LOLTMNT05_176078,0,Red,Team Vitality,1.0,2696.0,3094.0,0.0,10.0,13.0,2.0,1
LOLTMNT05_176087,0,Blue,Karmine Corp,1.0,1981.0,984.0,-16.0,4.0,8.0,0.0,1
LOLTMNT05_176087,0,Red,GiantX,0.0,-1981.0,-984.0,16.0,0.0,0.0,4.0,0
LOLTMNT05_175147,0,Blue,Los Ratones,1.0,2994.0,2371.0,31.0,7.0,7.0,7.0,0
LOLTMNT05_175147,0,Red,Team Vitality,0.0,-2994.0,-2371.0,-31.0,7.0,7.0,7.0,1
LOLTMNT05_175164,0,Blue,GiantX,0.0,2142.0,513.0,26.0,5.0,7.0,4.0,0
LOLTMNT05_175164,0,Red,Karmine Corp Blue,1.0,-2142.0,-513.0,-26.0,4.0,5.0,5.0,1
LOLTMNT05_176168,0,Blue,Shifters,0.0,1151.0,642.0,5.0,2.0,5.0,1.0,1
LOLTMNT05_176168,0,Red,SK Gaming,1.0,-1151.0,-642.0,-5.0,1.0,0.0,2.0,0
LOLTMNT05_175193,0,Blue,Movistar KOI,0.0,-27.0,627.0,-5.0,2.0,4.0,1.0,1
LOLTMNT05_175193,0,Red,Natus Vincere,1.0,27.0,-627.0,5.0,1.0,2.0,2.0,0
LOLTMNT05_175206,0,Blue,Team Heretics,0.0,1862.0,1234.0,-51.0,8.0,12.0,1.0,1
LOLTMNT05_175206,0,Red,Karmine Corp,1.0,-1862.0,-1234.0,51.0,1.0,0.0,8.0,0
LOLTMNT05_175214,0,Blue,G2 Esports,1.0,3200.0,3985.0,59.0,5.0,10.0,1.0,1
LOLTMNT05_175214,0,Red,Fnatic,0.0,-3200.0,-3985.0,-59.0,1.0,2.0,5.0,0
LOLTMNT05_176683,1,Blue,Natus Vincere,1.0,2385.0,2526.0,23.0,6.0,12.0,1.0,1
LOLTMNT05_176683,1,Red,Fnatic,0.0,-2385.0,-2526.0,-23.0,1.0,1.0,6.0,0
LOLTMNT05_175676,1,Blue,Fnatic,0.0,-262.0,-2393.0,-35.0,2.0,6.0,2.0,0
LOLTMNT05_175676,1,Red,Natus Vincere,1.0,262.0,2393.0,35.0,2.0,5.0,2.0,1
LOLTMNT05_176711,1,Blue,Movistar KOI,0.0,-609.0,-418.0,-3.0,3.0,7.0,4.0,1
LOLTMNT05_176711,1,Red,Team Vitality,1.0,609.0,418.0,3.0,4.0,9.0,3.0,0
LOLTMNT05_175701,1,Blue,Movistar KOI,1.0,308.0,571.0,14.0,3.0,6.0,2.0,1
LOLTMNT05_175701,1,Red,Team Vitality,0.0,-308.0,-571.0,-14.0,2.0,4.0,3.0,0
LOLTMNT05_175735,1,Blue,Team Heretics,1.0,-4226.0,-484.0,-31.0,0.0,0.0,6.0,0
LOLTMNT05_175735,1,Red,G2 Esports,0.0,4226.0,484.0,31.0,6.0,12.0,0.0,1
LOLTMNT05_176751,1,Blue,G2 Esports,1.0,-934.0,571.0,25.0,7.0,7.0,8.0,1
LOLTMNT05_176751,1,Red,Team Heretics,0.0,934.0,-571.0,-25.0,8.0,12.0,7.0,0
LOLTMNT05_175753,1,Blue,Karmine Corp,1.0,2361.0,1613.0,34.0,3.0,5.0,1.0,1
LOLTMNT05_175753,1,Red,GiantX,0.0,-2361.0,-1613.0,-34.0,1.0,2.0,3.0,0
LOLTMNT05_176774,1,Blue,GiantX,0.0,-875.0,-625.0,-19.0,3.0,5.0,4.0,0
LOLTMNT05_176774,1,Red,Karmine Corp,1.0,875.0,625.0,19.0,4.0,5.0,3.0,1
LOLTMNT05_176983,1,Blue,Movistar KOI,1.0,1149.0,243.0,1.0,2.0,4.0,0.0,1
LOLTMNT05_176983,1,Red,Natus Vincere,0.0,-1149.0,-243.0,-1.0,0.0,0.0,2.0,0
LOLTMNT05_175960,1,Blue,Movistar KOI,0.0,-1672.0,-2387.0,-36.0,1.0,2.0,1.0,1
LOLTMNT05_175960,1,Red,Natus Vincere,1.0,1672.0,2387.0,36.0,1.0,1.0,1.0,0
LOLTMNT05_176994,1,Blue,G2 Esports,1.0,2363.0,666.0,39.0,2.0,3.0,1.0,1
LOLTMNT05_176994,1,Red,Karmine Corp,0.0,-2363.0,-666.0,-39.0,1.0,0.0,2.0,0
LOLTMNT05_175986,1,Blue,G2 Esports,0.0,3793.0,1731.0,40.0,5.0,9.0,1.0,1
LOLTMNT05_175986,1,Red,Karmine Corp,1.0,-3793.0,-1731.0,-40.0,1.0,3.0,5.0,0
LOLTMNT05_177016,1,Blue,GiantX,1.0,-24.0,400.0,-14.0,1.0,3.0,1.0,1
LOLTMNT05_177016,1,Red,Team Heretics,0.0,24.0,-400.0,14.0,1.0,3.0,1.0,0
LOLTMNT05_178010,1,Blue,GiantX,0.0,-64.0,-301.0,-9.0,2.0,7.0,2.0,0
LOLTMNT05_178010,1,Red,Team Heretics,1.0,64.0,301.0,9.0,2.0,4.0,2.0,1
LOLTMNT05_177019,1,Blue,GiantX,0.0,2711.0,1357.0,26.0,2.0,5.0,0.0,1
LOLTMNT05_177019,1,Red,Team Heretics,1.0,-2711.0,-1357.0,-26.0,0.0,0.0,2.0,0
LOLTMNT05_177030,1,Blue,Team Vitality,0.0,2775.0,2404.0,84.0,4.0,7.0,5.0,1
LOLTMNT05_177030,1,Red,Fnatic,1.0,-2775.0,-2404.0,-84.0,5.0,12.0,4.0,0
LOLTMNT05_178014,1,Blue,Team Vitality,0.0,1815.0,1465.0,34.0,5.0,6.0,5.0,1
LOLTMNT05_178014,1,Red,Fnatic,1.0,-1815.0,-1465.0,-34.0,5.0,10.0,5.0,0
LOLTMNT05_177049,1,Blue,Natus Vincere,1.0,2924.0,2726.0,50.0,3.0,5.0,1.0,1
LOLTMNT05_177049,1,Red,GiantX,0.0,-2924.0,-2726.0,-50.0,1.0,3.0,3.0,0
LOLTMNT05_178021,1,Blue,Natus Vincere,0.0,1492.0,2164.0,33.0,6.0,9.0,5.0,0
LOLTMNT05_178021,1,Red,GiantX,1.0,-1492.0,-2164.0,-33.0,5.0,8.0,7.0,1
LOLTMNT05_178023,1,Blue,GiantX,1.0,2159.0,2634.0,28.0,4.0,5.0,1.0,1
LOLTMNT05_178023,1,Red,Natus Vincere,0.0,-2159.0,-2634.0,-28.0,1.0,3.0,4.0,0
LOLTMNT05_177060,1,Blue,Team Vitality,0.0,-1063.0,-1702.0,-8.0,2.0,2.0,3.0,1
LOLTMNT05_177060,1,Red,Karmine Corp,1.0,1063.0,1702.0,8.0,3.0,4.0,2.0,0
LOLTMNT05_178032,1,Blue,Team Vitality,0.0,839.0,1041.0,-26.0,6.0,9.0,5.0,0
LOLTMNT05_178032,1,Red,Karmine Corp,1.0,-839.0,-1041.0,26.0,5.0,6.0,6.0,1
LOLTMNT05_177061,1,Blue,Team Vitality,0.0,-7117.0,-6622.0,-68.0,2.0,2.0,11.0,0
LOLTMNT05_177061,1,Red,Karmine Corp,1.0,7117.0,6622.0,68.0,11.0,19.0,2.0,1
LOLTMNT05_178056,1,Blue,G2 Esports,0.0,-76.0,39.0,4.0,1.0,1.0,2.0,1
LOLTMNT05_178056,1,Red,Movistar KOI,1.0,76.0,-39.0,-4.0,2.0,2.0,1.0,0
LOLTMNT05_178057,1,Blue,G2 Esports,1.0,2880.0,3426.0,13.0,10.0,20.0,5.0,1
LOLTMNT05_178057,1,Red,Movistar KOI,0.0,-2880.0,-3426.0,-13.0,5.0,10.0,10.0,0
LOLTMNT05_177077,1,Blue,G2 Esports,0.0,-2254.0,-238.0,2.0,4.0,5.0,8.0,1
LOLTMNT05_177077,1,Red,Movistar KOI,1.0,2254.0,238.0,-2.0,8.0,9.0,4.0,0
LOLTMNT05_180071,1,Blue,GiantX,1.0,180.0,729.0,23.0,5.0,13.0,4.0,0
LOLTMNT05_180071,1,Red,Karmine Corp,0.0,-180.0,-729.0,-23.0,4.0,9.0,5.0,1
LOLTMNT05_180072,1,Blue,GiantX,0.0,-4939.0,-3681.0,-53.0,2.0,6.0,8.0,0
LOLTMNT05_180072,1,Red,Karmine Corp,1.0,4939.0,3681.0,53.0,8.0,15.0,2.0,1
LOLTMNT05_179080,1,Blue,GiantX,1.0,1226.0,993.0,42.0,3.0,6.0,3.0,0
LOLTMNT05_179080,1,Red,Karmine Corp,0.0,-1226.0,-993.0,-42.0,3.0,4.0,3.0,1
LOLTMNT05_179108,1,Blue,Movistar KOI,0.0,-822.0,-243.0,-20.0,1.0,3.0,3.0,1
LOLTMNT05_179108,1,Red,Karmine Corp,1.0,822.0,243.0,20.0,3.0,6.0,1.0,0
LOLTMNT05_180085,1,Blue,Movistar KOI,0.0,-5095.0,-2837.0,-32.0,1.0,1.0,8.0,0
LOLTMNT05_180085,1,Red,Karmine Corp,1.0,5095.0,2837.0,32.0,8.0,13.0,1.0,1
LOLTMNT05_180086,1,Blue,Movistar KOI,0.0,2782.0,2392.0,4.0,8.0,13.0,6.0,1
LOLTMNT05_180086,1,Red,Karmine Corp,1.0,-2782.0,-2392.0,-4.0,6.0,6.0,8.0,0
LOLTMNT05_179109,1,Blue,Movistar KOI,0.0,161.0,-1528.0,-24.0,1.0,1.0,2.0,0
LOLTMNT05_179109,1,Red,Karmine Corp,1.0,-161.0,1528.0,24.0,2.0,2.0,1.0,1
LOLTMNT05_180087,1,Blue,Movistar KOI,0.0,-5208.0,-4203.0,-75.0,1.0,1.0,7.0,0
LOLTMNT05_180087,1,Red,Karmine Corp,1.0,5208.0,4203.0,75.0,7.0,9.0,1.0,1
LOLTMNT05_180114,1,Blue,G2 Esports,1.0,879.0,2055.0,27.0,4.0,9.0,3.0,1
LOLTMNT05_180114,1,Red,Karmine Corp,0.0,-879.0,-2055.0,-27.0,3.0,2.0,4.0,0
LOLTMNT05_180115,1,Blue,G2 Esports,0.0,246.0,976.0,-1.0,4.0,3.0,2.0,1
LOLTMNT05_180115,1,Red,Karmine Corp,1.0,-246.0,-976.0,1.0,2.0,2.0,4.0,0
LOLTMNT05_179123,1,Blue,G2 Esports,1.0,-978.0,-1111.0,-44.0,6.0,10.0,3.0,0
LOLTMNT05_179123,1,Red,Karmine Corp,0.0,978.0,1111.0,44.0,3.0,6.0,6.0,1
LOLTMNT05_179124,1,Blue,G2 Esports,1.0,2810.0,3119.0,47.0,3.0,5.0,1.0,0
LOLTMNT05_179124,1,Red,Karmine Corp,0.0,-2810.0,-3119.0,-47.0,1.0,1.0,3.0,1
LOLTMNT05_179126,1,Blue,G2 Esports,1.0,3154.0,2354.0,41.0,7.0,10.0,2.0,1
LOLTMNT05_179126,1,Red,Karmine Corp,0.0,-3154.0,-2354.0,-41.0,2.0,3.0,7.0,0
LOLTMNT05_184082,0,Blue,GiantX,1.0,2079.0,2422.0,29.0,8.0,17.0,2.0,1
LOLTMNT05_184082,0,Red,Fnatic,0.0,-2079.0,-2422.0,-29.0,2.0,4.0,8.0,0
LOLTMNT05_184084,0,Blue,GiantX,1.0,-2412.0,1558.0,5.0,2.0,1.0,3.0,0
LOLTMNT05_184084,0,Red,Fnatic,0.0,2412.0,-1558.0,-5.0,3.0,6.0,2.0,1
LOLTMNT05_184086,0,Blue,GiantX,0.0,1416.0,1981.0,78.0,2.0,5.0,2.0,1
LOLTMNT05_184086,0,Red,Fnatic,1.0,-1416.0,-1981.0,-78.0,2.0,5.0,2.0,0
LOLTMNT05_183065,0,Blue,Team Vitality,0.0,4392.0,3138.0,36.0,5.0,6.0,1.0,1
LOLTMNT05_183065,0,Red,Karmine Corp,1.0,-4392.0,-3138.0,-36.0,1.0,1.0,5.0,0
LOLTMNT05_183066,0,Blue,Team Vitality,0.0,2989.0,1042.0,4.0,4.0,5.0,2.0,0
LOLTMNT05_183066,0,Red,Karmine Corp,1.0,-2989.0,-1042.0,-4.0,2.0,2.0,4.0,1
LOLTMNT05_184096,0,Blue,Team Vitality,1.0,-1220.0,-1045.0,-26.0,3.0,5.0,3.0,0
LOLTMNT05_184096,0,Red,Karmine Corp,0.0,1220.0,1045.0,26.0,3.0,7.0,3.0,1
LOLTMNT05_183084,0,Blue,Movistar KOI,0.0,2085.0,1446.0,33.0,5.0,6.0,3.0,0
LOLTMNT05_183084,0,Red,Natus Vincere,1.0,-2085.0,-1446.0,-33.0,3.0,3.0,5.0,1
LOLTMNT05_183085,0,Blue,Movistar KOI,0.0,2300.0,254.0,36.0,2.0,4.0,1.0,1
LOLTMNT05_183085,0,Red,Natus Vincere,1.0,-2300.0,-254.0,-36.0,1.0,1.0,2.0,0
LOLTMNT05_184106,0,Blue,Movistar KOI,1.0,-1665.0,-1669.0,-1.0,9.0,10.0,11.0,0
LOLTMNT05_184106,0,Red,Natus Vincere,0.0,1665.0,1669.0,1.0,11.0,16.0,9.0,1
LOLTMNT05_184124,0,Blue,Team Heretics,1.0,3899.0,2374.0,49.0,4.0,4.0,1.0,0
LOLTMNT05_184124,0,Red,SK Gaming,0.0,-3899.0,-2374.0,-49.0,1.0,0.0,4.0,1
LOLTMNT05_184135,0,Blue,SK Gaming,0.0,-956.0,-122.0,-4.0,1.0,1.0,1.0,0
LOLTMNT05_184135,0,Red,Team Heretics,1.0,956.0,122.0,4.0,1.0,1.0,1.0,1
LOLTMNT05_184139,0,Blue,SK Gaming,0.0,-5697.0,-5112.0,-66.0,3.0,6.0,13.0,0
LOLTMNT05_184139,0,Red,Team Heretics,1.0,5697.0,5112.0,66.0,13.0,20.0,3.0,1
LOLTMNT05_183138,0,Blue,Movistar KOI,0.0,2387.0,4814.0,66.0,4.0,2.0,1.0,1
LOLTMNT05_183138,0,Red,Fnatic,1.0,-2387.0,-4814.0,-66.0,1.0,2.0,4.0,0
LOLTMNT05_183148,0,Blue,Movistar KOI,1.0,-440.0,-31.0,32.0,5.0,11.0,5.0,1
LOLTMNT05_183148,0,Red,Fnatic,0.0,440.0,31.0,-32.0,5.0,9.0,5.0,0
LOLTMNT05_184178,0,Blue,SK Gaming,1.0,-1858.0,-1885.0,-41.0,3.0,4.0,4.0,1
LOLTMNT05_184178,0,Red,Natus Vincere,0.0,1858.0,1885.0,41.0,4.0,5.0,3.0,0
LOLTMNT05_183165,0,Blue,SK Gaming,0.0,-3321.0,-3187.0,6.0,4.0,6.0,10.0,0
LOLTMNT05_183165,0,Red,Natus Vincere,1.0,3321.0,3187.0,-6.0,10.0,17.0,4.0,1
LOLTMNT05_184193,0,Blue,SK Gaming,0.0,-2019.0,-2310.0,-66.0,2.0,0.0,2.0,0
LOLTMNT05_184193,0,Red,Natus Vincere,1.0,2019.0,2310.0,66.0,2.0,1.0,2.0,1
LOLTMNT05_184204,0,Blue,Team Vitality,0.0,-1073.0,-1011.0,-8.0,3.0,2.0,5.0,1
LOLTMNT05_184204,0,Red,Team Heretics,1.0,1073.0,1011.0,8.0,5.0,9.0,3.0,0
LOLTMNT05_183186,0,Blue,Team Vitality,0.0,3738.0,2616.0,81.0,4.0,3.0,1.0,1
LOLTMNT05_183186,0,Red,Team Heretics,1.0,-3738.0,-2616.0,-81.0,1.0,1.0,4.0,0
LOLTMNT04_156054,0,Blue,SK Gaming,1.0,1013.0,1508.0,14.0,3.0,6.0,2.0,1
LOLTMNT04_156054,0,Red,Shifters,0.0,-1013.0,-1508.0,-14.0,2.0,2.0,3.0,0
LOLTMNT04_155065,0,Blue,SK Gaming,1.0,1024.0,332.0,0.0,3.0,3.0,2.0,1
LOLTMNT04_155065,0,Red,Shifters,0.0,-1024.0,-332.0,0.0,2.0,3.0,3.0,0
LOLTMNT04_156068,0,Blue,G2 Esports,0.0,-908.0,-73.0,29.0,0.0,0.0,2.0,1
LOLTMNT04_156068,0,Red,Team Heretics,1.0,908.0,73.0,-29.0,2.0,3.0,0.0,0
LOLTMNT04_156070,0,Blue,G2 Esports,1.0,754.0,739.0,22.0,4.0,6.0,4.0,1
LOLTMNT04_156070,0,Red,Team Heretics,0.0,-754.0,-739.0,-22.0,4.0,6.0,4.0,0
LOLTMNT04_155085,0,Blue,Team Vitality,1.0,1534.0,-247.0,-26.0,5.0,7.0,2.0,1
LOLTMNT04_155085,0,Red,Natus Vincere,0.0,-1534.0,247.0,26.0,2.0,3.0,5.0,0
LOLTMNT04_155087,0,Blue,Team Vitality,0.0,554.0,-763.0,27.0,1.0,3.0,2.0,1
LOLTMNT04_155087,0,Red,Natus Vincere,1.0,-554.0,763.0,-27.0,2.0,6.0,1.0,0
LOLTMNT04_155098,0,Blue,GiantX,0.0,2726.0,2735.0,-8.0,7.0,16.0,2.0,1
LOLTMNT04_155098,0,Red,SK Gaming,1.0,-2726.0,-2735.0,8.0,2.0,3.0,7.0,0
LOLTMNT04_156104,0,Blue,GiantX,0.0,-3.0,386.0,41.0,7.0,14.0,8.0,1
LOLTMNT04_156104,0,Red,SK Gaming,1.0,3.0,-386.0,-41.0,8.0,16.0,7.0,0
LOLTMNT04_155108,0,Blue,G2 Esports,1.0,1603.0,1871.0,45.0,3.0,4.0,1.0,1
LOLTMNT04_155108,0,Red,Fnatic,0.0,-1603.0,-1871.0,-45.0,1.0,2.0,3.0,0
LOLTMNT04_155109,0,Blue,G2 Esports,0.0,-2724.0,-1020.0,0.0,1.0,2.0,5.0,0
LOLTMNT04_155109,0,Red,Fnatic,1.0,2724.0,1020.0,0.0,5.0,10.0,1.0,1
LOLTMNT04_155110,0,Blue,G2 Esports,1.0,-3772.0,-2434.0,-15.0,2.0,2.0,9.0,0
LOLTMNT04_155110,0,Red,Fnatic,0.0,3772.0,2434.0,15.0,9.0,14.0,2.0,1
LOLTMNT04_156150,0,Blue,GiantX,1.0,3767.0,3472.0,43.0,6.0,11.0,1.0,1
LOLTMNT04_156150,0,Red,Team Heretics,0.0,-3767.0,-3472.0,-43.0,1.0,2.0,6.0,0
LOLTMNT04_155128,0,Blue,GiantX,1.0,-452.0,660.0,30.0,2.0,1.0,3.0,0
LOLTMNT04_155128,0,Red,Team Heretics,0.0,452.0,-660.0,-30.0,3.0,7.0,2.0,1
LOLTMNT04_155130,0,Blue,GiantX,0.0,1712.0,1052.0,0.0,3.0,6.0,1.0,1
LOLTMNT04_155130,0,Red,Team Heretics,1.0,-1712.0,-1052.0,0.0,1.0,3.0,3.0,0
LOLTMNT04_156161,0,Blue,Movistar KOI,0.0,-3712.0,-1994.0,-36.0,3.0,5.0,9.0,0
LOLTMNT04_156161,0,Red,Team Vitality,1.0,3712.0,1994.0,36.0,9.0,10.0,3.0,1
LOLTMNT04_155137,0,Blue,Team Vitality,0.0,1505.0,608.0,6.0,3.0,4.0,1.0,0
LOLTMNT04_155137,0,Red,Movistar KOI,1.0,-1505.0,-608.0,-6.0,1.0,1.0,3.0,1
LOLTMNT04_156164,0,Blue,Movistar KOI,0.0,1727.0,785.0,44.0,4.0,7.0,3.0,0
LOLTMNT04_156164,0,Red,Team Vitality,1.0,-1727.0,-785.0,-44.0,3.0,7.0,4.0,1
LOLTMNT04_156536,0,Blue,Natus Vincere,0.0,-846.0,-744.0,-17.0,2.0,1.0,3.0,1
LOLTMNT04_156536,0,Red,Team Heretics,1.0,846.0,744.0,17.0,3.0,4.0,2.0,0
LOLTMNT04_156545,0,Blue,Natus Vincere,1.0,1706.0,-244.0,-7.0,6.0,11.0,1.0,1
LOLTMNT04_156545,0,Red,Team Heretics,0.0,-1706.0,244.0,7.0,1.0,2.0,6.0,0
LOLTMNT04_155498,0,Blue,Team Vitality,0.0,517.0,701.0,-9.0,5.0,5.0,3.0,1
LOLTMNT04_155498,0,Red,G2 Esports,1.0,-517.0,-701.0,9.0,3.0,4.0,5.0,0
LOLTMNT04_156560,0,Blue,Team Vitality,0.0,-1604.0,-2722.0,-53.0,5.0,7.0,5.0,0
LOLTMNT04_156560,0,Red,G2 Esports,1.0,1604.0,2722.0,53.0,5.0,4.0,5.0,1
LOLTMNT04_155503,0,Blue,G2 Esports,1.0,-1223.0,-1289.0,0.0,1.0,1.0,3.0,0
LOLTMNT04_155503,0,Red,Team Vitality,0.0,1223.0,1289.0,0.0,3.0,2.0,1.0,1
LOLTMNT04_155512,0,Blue,SK Gaming,0.0,-621.0,-1769.0,-8.0,6.0,12.0,8.0,0
LOLTMNT04_155512,0,Red,Movistar KOI,1.0,621.0,1769.0,8.0,8.0,15.0,6.0,1
LOLTMNT04_155520,0,Blue,Movistar KOI,1.0,-187.0,616.0,54.0,0.0,0.0,3.0,1
LOLTMNT04_155520,0,Red,SK Gaming,0.0,187.0,-616.0,-54.0,3.0,4.0,0.0,0
LOLTMNT04_155589,0,Blue,Team Vitality,0.0,-3455.0,-2261.0,-28.0,3.0,1.0,6.0,0
LOLTMNT04_155589,0,Red,Shifters,1.0,3455.0,2261.0,28.0,6.0,10.0,3.0,1
LOLTMNT04_155590,0,Blue,Team Vitality,1.0,337.0,-1349.0,-31.0,4.0,6.0,3.0,1
LOLTMNT04_155590,0,Red,Shifters,0.0,-337.0,1349.0,31.0,3.0,2.0,4.0,0
LOLTMNT04_155593,0,Blue,Team Vitality,1.0,2056.0,1447.0,-17.0,5.0,10.0,2.0,1
LOLTMNT04_155593,0,Red,Shifters,0.0,-2056.0,-1447.0,17.0,2.0,5.0,5.0,0
LOLTMNT04_156641,0,Blue,Team Heretics,0.0,-2763.0,-1718.0,-15.0,1.0,2.0,4.0,0
LOLTMNT04_156641,0,Red,Karmine Corp,1.0,2763.0,1718.0,15.0,4.0,9.0,1.0,1
LOLTMNT04_155609,0,Blue,Team Heretics,0.0,-6192.0,-5266.0,-72.0,1.0,2.0,8.0,0
LOLTMNT04_155609,0,Red,Karmine Corp,1.0,6192.0,5266.0,72.0,8.0,15.0,1.0,1
LOLTMNT04_156669,0,Blue,SK Gaming,1.0,-57.0,12.0,43.0,0.0,0.0,2.0,1
LOLTMNT04_156669,0,Red,Fnatic,0.0,57.0,-12.0,-43.0,2.0,2.0,0.0,0
LOLTMNT04_156674,0,Blue,SK Gaming,0.0,-1647.0,-879.0,-18.0,2.0,2.0,6.0,1
LOLTMNT04_156674,0,Red,Fnatic,1.0,1647.0,879.0,18.0,6.0,16.0,2.0,0
LOLTMNT04_156685,0,Blue,GiantX,1.0,-632.0,-289.0,-24.0,2.0,4.0,1.0,1
LOLTMNT04_156685,0,Red,Shifters,0.0,632.0,289.0,24.0,1.0,1.0,2.0,0
LOLTMNT04_156690,0,Blue,Shifters,0.0,-939.0,-1701.0,31.0,0.0,0.0,6.0,0
LOLTMNT04_156690,0,Red,GiantX,1.0,939.0,1701.0,-31.0,6.0,12.0,0.0,1
LOLTMNT05_185066,0,Blue,Natus Vincere,0.0,-2566.0,-622.0,-14.0,1.0,1.0,4.0,0
LOLTMNT05_185066,0,Red,GiantX,1.0,2566.0,622.0,14.0,4.0,7.0,1.0,1
LOLTMNT05_185069,0,Blue,Natus Vincere,0.0,1566.0,1673.0,-28.0,7.0,11.0,1.0,1
LOLTMNT05_185069,0,Red,GiantX,1.0,-1566.0,-1673.0,28.0,1.0,2.0,7.0,0
LOLTMNT05_185072,0,Blue,Natus Vincere,1.0,1542.0,474.0,-19.0,5.0,8.0,2.0,1
LOLTMNT05_185072,0,Red,GiantX,0.0,-1542.0,-474.0,19.0,2.0,3.0,5.0,0
LOLTMNT05_185085,0,Blue,SK Gaming,1.0,598.0,542.0,-37.0,5.0,11.0,2.0,0
LOLTMNT05_185085,0,Red,G2 Esports,0.0,-598.0,-542.0,37.0,2.0,4.0,5.0,1
LOLTMNT05_186054,0,Blue,G2 Esports,0.0,1768.0,2414.0,14.0,10.0,13.0,6.0,1
LOLTMNT05_186054,0,Red,SK Gaming,1.0,-1768.0,-2414.0,-14.0,6.0,5.0,10.0,0
LOLTMNT05_185104,0,Blue,Team Vitality,1.0,2071.0,667.0,57.0,4.0,8.0,3.0,1
LOLTMNT05_185104,0,Red,GiantX,0.0,-2071.0,-667.0,-57.0,3.0,6.0,4.0,0
LOLTMNT05_186068,0,Blue,Team Vitality,1.0,3125.0,1670.0,33.0,7.0,6.0,5.0,1
LOLTMNT05_186068,0,Red,GiantX,0.0,-3125.0,-1670.0,-33.0,5.0,4.0,7.0,0
LOLTMNT05_186082,0,Blue,Movistar KOI,0.0,3766.0,2528.0,82.0,1.0,0.0,0.0,1
LOLTMNT05_186082,0,Red,Team Heretics,1.0,-3766.0,-2528.0,-82.0,0.0,0.0,1.0,0
LOLTMNT05_186083,0,Blue,Movistar KOI,1.0,-332.0,-1106.0,22.0,4.0,8.0,7.0,1
LOLTMNT05_186083,0,Red,Team Heretics,0.0,332.0,1106.0,-22.0,7.0,10.0,4.0,0
LOLTMNT05_186098,0,Blue,G2 Esports,1.0,261.0,430.0,38.0,4.0,6.0,5.0,1
LOLTMNT05_186098,0,Red,Shifters,0.0,-261.0,-430.0,-38.0,5.0,5.0,4.0,0
LOLTMNT05_185133,0,Blue,G2 Esports,0.0,3482.0,3639.0,31.0,6.0,7.0,1.0,1
LOLTMNT05_185133,0,Red,Shifters,1.0,-3482.0,-3639.0,-31.0,1.0,1.0,6.0,0
LOLTMNT05_185144,0,Blue,SK Gaming,0.0,-1911.0,-2370.0,0.0,3.0,4.0,7.0,0
LOLTMNT05_185144,0,Red,Karmine Corp,1.0,1911.0,2370.0,0.0,7.0,10.0,3.0,1
LOLTMNT05_185146,0,Blue,SK Gaming,0.0,-3274.0,-3060.0,-53.0,4.0,4.0,7.0,0
LOLTMNT05_185146,0,Red,Karmine Corp,1.0,3274.0,3060.0,53.0,7.0,10.0,4.0,1
LOLTMNT05_186470,0,Blue,Shifters,0.0,2577.0,739.0,3.0,5.0,11.0,3.0,0
LOLTMNT05_186470,0,Red,Fnatic,1.0,-2577.0,-739.0,-3.0,3.0,5.0,5.0,1
LOLTMNT05_186480,0,Blue,Shifters,1.0,1764.0,35.0,16.0,1.0,3.0,2.0,0
LOLTMNT05_186480,0,Red,Fnatic,0.0,-1764.0,-35.0,-16.0,2.0,3.0,1.0,1
LOLTMNT05_185468,0,Blue,Natus Vincere,0.0,1449.0,1127.0,6.0,3.0,6.0,1.0,0
LOLTMNT05_185468,0,Red,Karmine Corp,1.0,-1449.0,-1127.0,-6.0,1.0,3.0,3.0,1
LOLTMNT05_185471,0,Blue,Natus Vincere,1.0,1124.0,1021.0,-22.0,5.0,8.0,3.0,0
LOLTMNT05_185471,0,Red,Karmine Corp,0.0,-1124.0,-1021.0,22.0,3.0,4.0,5.0,1
LOLTMNT05_186550,0,Blue,Natus Vincere,0.0,1817.0,1905.0,18.0,0.0,0.0,0.0,0
LOLTMNT05_186550,0,Red,Fnatic,1.0,-1817.0,-1905.0,-18.0,0.0,0.0,0.0,1
LOLTMNT05_186551,0,Blue,Natus Vincere,1.0,2039.0,2408.0,34.0,1.0,3.0,0.0,1
LOLTMNT05_186551,0,Red,Fnatic,0.0,-2039.0,-2408.0,-34.0,0.0,0.0,1.0,0
LOLTMNT05_185529,0,Blue,Natus Vincere,0.0,-240.0,1230.0,54.0,1.0,1.0,4.0,1
LOLTMNT05_185529,0,Red,Fnatic,1.0,240.0,-1230.0,-54.0,4.0,4.0,1.0,0
LOLTMNT05_185539,0,Blue,Karmine Corp,1.0,3519.0,4183.0,45.0,7.0,14.0,2.0,1
LOLTMNT05_185539,0,Red,Shifters,0.0,-3519.0,-4183.0,-45.0,2.0,1.0,7.0,0
LOLTMNT05_186562,0,Blue,Shifters,1.0,1119.0,-507.0,18.0,2.0,2.0,3.0,1
LOLTMNT05_186562,0,Red,Karmine Corp,0.0,-1119.0,507.0,-18.0,3.0,5.0,2.0,0
LOLTMNT05_185540,0,Blue,Karmine Corp,0.0,-308.0,92.0,-20.0,3.0,5.0,4.0,1
LOLTMNT05_185540,0,Red,Shifters,1.0,308.0,-92.0,20.0,4.0,5.0,3.0,0
LOLTMNT05_185596,0,Blue,Natus Vincere,1.0,1877.0,1356.0,-1.0,8.0,12.0,4.0,1
LOLTMNT05_185596,0,Red,Shifters,0.0,-1877.0,-1356.0,1.0,4.0,6.0,8.0,0
LOLTMNT05_185599,0,Blue,Natus Vincere,0.0,-2058.0,-562.0,-31.0,3.0,5.0,5.0,0
LOLTMNT05_185599,0,Red,Shifters,1.0,2058.0,562.0,31.0,5.0,7.0,3.0,1
LOLTMNT05_186617,0,Blue,Natus Vincere,0.0,3308.0,1755.0,0.0,8.0,12.0,4.0,1
LOLTMNT05_186617,0,Red,Shifters,1.0,-3308.0,-1755.0,0.0,4.0,9.0,8.0,0
LOLTMNT05_185611,0,Blue,Karmine Corp,0.0,-3576.0,-1468.0,12.0,1.0,2.0,8.0,0
LOLTMNT05_185611,0,Red,Fnatic,1.0,3576.0,1468.0,-12.0,8.0,19.0,1.0,1
LOLTMNT05_185612,0,Blue,Karmine Corp,0.0,-1796.0,-309.0,8.0,2.0,4.0,6.0,1
LOLTMNT05_185612,0,Red,Fnatic,1.0,1796.0,309.0,-8.0,6.0,10.0,2.0,0
LOLTMNT05_185613,0,Blue,Fnatic,1.0,-1862.0,-1048.0,-34.0,3.0,8.0,3.0,0
LOLTMNT05_185613,0,Red,Karmine Corp,0.0,1862.0,1048.0,34.0,3.0,4.0,3.0,1
LOLTMNT04_159184,0,Blue,Team Heretics,0.0,-2203.0,57.0,-27.0,1.0,2.0,1.0,0
LOLTMNT04_159184,0,Red,Fnatic,1.0,2203.0,-57.0,27.0,1.0,2.0,1.0,1
LOLTMNT04_160146,0,Blue,Fnatic,0.0,604.0,1670.0,-19.0,2.0,4.0,0.0,1
LOLTMNT04_160146,0,Red,Team Heretics,1.0,-604.0,-1670.0,19.0,0.0,0.0,2.0,0
LOLTMNT04_159194,0,Blue,SK Gaming,0.0,-670.0,456.0,-19.0,4.0,6.0,3.0,0
LOLTMNT04_159194,0,Red,Team Vitality,1.0,670.0,-456.0,19.0,3.0,4.0,4.0,1
LOLTMNT04_159202,0,Blue,SK Gaming,0.0,1419.0,634.0,12.0,6.0,13.0,4.0,1
LOLTMNT04_159202,0,Red,Team Vitality,1.0,-1419.0,-634.0,-12.0,4.0,12.0,6.0,0
LOLTMNT04_160164,0,Blue,Team Vitality,0.0,-653.0,-671.0,-56.0,3.0,3.0,2.0,1
LOLTMNT04_160164,0,Red,SK Gaming,1.0,653.0,671.0,56.0,2.0,1.0,3.0,0
LOLTMNT04_159240,0,Blue,Team Heretics,0.0,184.0,-930.0,6.0,3.0,6.0,4.0,0
LOLTMNT04_159240,0,Red,Shifters,1.0,-184.0,930.0,-6.0,4.0,6.0,3.0,1
LOLTMNT04_159248,0,Blue,Team Heretics,0.0,110.0,1489.0,24.0,3.0,5.0,2.0,0
LOLTMNT04_159248,0,Red,Shifters,1.0,-110.0,-1489.0,-24.0,2.0,4.0,3.0,1
LOLTMNT04_159260,0,Blue,Natus Vincere,1.0,2231.0,1750.0,20.0,3.0,6.0,1.0,0
LOLTMNT04_159260,0,Red,G2 Esports,0.0,-2231.0,-1750.0,-20.0,1.0,2.0,3.0,1
LOLTMNT04_159264,0,Blue,G2 Esports,0.0,377.0,-346.0,28.0,5.0,6.0,6.0,1
LOLTMNT04_159264,0,Red,Natus Vincere,1.0,-377.0,346.0,-28.0,6.0,7.0,5.0,0
LOLTMNT04_159286,0,Blue,Team Vitality,0.0,1305.0,1348.0,13.0,3.0,6.0,2.0,0
LOLTMNT04_159286,0,Red,Fnatic,1.0,-1305.0,-1348.0,-13.0,2.0,4.0,3.0,1
LOLTMNT04_159287,0,Blue,Fnatic,0.0,-2479.0,-1256.0,-13.0,4.0,7.0,7.0,0
LOLTMNT04_159287,0,Red,Team Vitality,1.0,2479.0,1256.0,13.0,7.0,8.0,4.0,1
LOLTMNT04_160242,0,Blue,Team Vitality,1.0,2452.0,3370.0,58.0,7.0,7.0,5.0,1
LOLTMNT04_160242,0,Red,Fnatic,0.0,-2452.0,-3370.0,-58.0,5.0,9.0,7.0,0
LOLTMNT04_159298,0,Blue,Movistar KOI,0.0,-1058.0,-941.0,-38.0,3.0,6.0,2.0,0
LOLTMNT04_159298,0,Red,Shifters,1.0,1058.0,941.0,38.0,2.0,2.0,3.0,1
LOLTMNT04_159302,0,Blue,Movistar KOI,0.0,-2782.0,-1279.0,-16.0,1.0,2.0,5.0,1
LOLTMNT04_159302,0,Red,Shifters,1.0,2782.0,1279.0,16.0,5.0,7.0,1.0,0
LOLTMNT04_159303,0,Blue,Movistar KOI,1.0,-2420.0,-1367.0,7.0,1.0,1.0,6.0,1
LOLTMNT04_159303,0,Red,Shifters,0.0,2420.0,1367.0,-7.0,6.0,6.0,1.0,0
LOLTMNT04_162255,0,Blue,G2 Esports,1.0,735.0,1185.0,28.0,2.0,2.0,2.0,1
LOLTMNT04_162255,0,Red,Karmine Corp,0.0,-735.0,-1185.0,-28.0,2.0,4.0,2.0,0
LOLTMNT04_162268,0,Blue,G2 Esports,0.0,38.0,2249.0,26.0,5.0,9.0,6.0,1
LOLTMNT04_162268,0,Red,Karmine Corp,1.0,-38.0,-2249.0,-26.0,6.0,6.0,5.0,0
LOLTMNT04_161335,0,Blue,Movistar KOI,1.0,-812.0,511.0,32.0,2.0,5.0,5.0,1
LOLTMNT04_161335,0,Red,GiantX,0.0,812.0,-511.0,-32.0,5.0,11.0,2.0,0
LOLTMNT04_161346,0,Blue,Movistar KOI,0.0,4067.0,2963.0,4.0,11.0,30.0,3.0,1
LOLTMNT04_161346,0,Red,GiantX,1.0,-4067.0,-2963.0,-4.0,3.0,8.0,11.0,0
LOLTMNT04_161451,0,Blue,GiantX,0.0,-5570.0,-4404.0,-57.0,0.0,0.0,7.0,0
LOLTMNT04_161451,0,Red,G2 Esports,1.0,5570.0,4404.0,57.0,7.0,5.0,0.0,1
LOLTMNT04_162397,0,Blue,G2 Esports,1.0,1509.0,1722.0,29.0,2.0,2.0,1.0,1
LOLTMNT04_162397,0,Red,GiantX,0.0,-1509.0,-1722.0,-29.0,1.0,2.0,2.0,0
LOLTMNT04_162417,0,Blue,Karmine Corp,1.0,991.0,1460.0,17.0,4.0,5.0,0.0,1
LOLTMNT04_162417,0,Red,Movistar KOI,0.0,-991.0,-1460.0,-17.0,0.0,0.0,4.0,0
LOLTMNT04_161471,0,Blue,Karmine Corp,0.0,-5528.0,-5074.0,-44.0,2.0,3.0,9.0,0
LOLTMNT04_161471,0,Red,Movistar KOI,1.0,5528.0,5074.0,44.0,9.0,12.0,2.0,1
LOLTMNT04_161482,0,Blue,Movistar KOI,0.0,-2481.0,-3640.0,-14.0,5.0,9.0,8.0,0
LOLTMNT04_161482,0,Red,Karmine Corp,1.0,2481.0,3640.0,14.0,8.0,13.0,5.0,1
LOLTMNT04_162485,0,Blue,GiantX,0.0,1684.0,530.0,19.0,5.0,7.0,2.0,0
LOLTMNT04_162485,0,Red,Karmine Corp,1.0,-1684.0,-530.0,-19.0,2.0,3.0,5.0,1
LOLTMNT04_162494,0,Blue,Karmine Corp,1.0,-1002.0,-1375.0,24.0,0.0,0.0,5.0,0
LOLTMNT04_162494,0,Red,GiantX,0.0,1002.0,1375.0,-24.0,5.0,6.0,0.0,1
LOLTMNT04_161556,0,Blue,Karmine Corp,0.0,1683.0,1527.0,52.0,4.0,8.0,4.0,0
LOLTMNT04_161556,0,Red,GiantX,1.0,-1683.0,-1527.0,-52.0,4.0,4.0,4.0,1
LOLTMNT04_162542,0,Blue,G2 Esports,0.0,1686.0,2591.0,29.0,3.0,3.0,3.0,0
LOLTMNT04_162542,0,Red,Movistar KOI,1.0,-1686.0,-2591.0,-29.0,3.0,7.0,3.0,1
LOLTMNT04_161575,0,Blue,Movistar KOI,1.0,-1695.0,-1776.0,-45.0,2.0,4.0,4.0,0
LOLTMNT04_161575,0,Red,G2 Esports,0.0,1695.0,1776.0,45.0,4.0,5.0,2.0,1
LOLTMNT04_162551,0,Blue,G2 Esports,1.0,2964.0,2803.0,50.0,5.0,7.0,3.0,0
LOLTMNT04_162551,0,Red,Movistar KOI,0.0,-2964.0,-2803.0,-50.0,3.0,2.0,5.0,1
